--
-- File generated with SQLiteStudio v3.2.1 on Fri Nov 5  
--
-- Text encoding used: System
--
-- Demo data for OWIxsec.
-- Table definitions are derived from OWI schema version 3
--   (see  https://github.com/panibillo/OWI.git )
PRAGMA foreign_keys = off;
BEGIN TRANSACTION;

INSERT INTO c4ix (wellid, RELATEID, COUNTY_C, UNIQUE_NO, WELLNAME, TOWNSHIP, RANGE, RANGE_DIR, SECTION, SUBSECTION, MGSQUAD_C, ELEVATION, ELEV_MC, STATUS_C, USE_C, LOC_MC, LOC_SRC, DATA_SRC, DEPTH_DRLL, DEPTH_COMP, DATE_DRLL, CASE_DIAM, CASE_DEPTH, GROUT, POLLUT_DST, POLLUT_DIR, POLLUT_TYP, STRAT_DATE, STRAT_UPD, STRAT_SRC, STRAT_GEOL, STRAT_MC, DEPTH2BDRK, FIRST_BDRK, LAST_STRAT, OHTOPUNIT, OHBOTUNIT, AQUIFER, CUTTINGS, CORE, BHGEOPHYS, GEOCHEM, WATERCHEM, OBWELL, SWL, DH_VIDEO, INPUT_SRC, UNUSED, ENTRY_DATE, UPDT_DATE) 
VALUES 
(14082, '0000014082', 62, '14082', 'B. R.', 30, 22, 'W', 5, 'CDCDCB', '119D', NULL, 'L1', 'A', 'DO', '1', 'MGS', '62136', 232.0, 232.0, 19701100, 6.0, 174.0, NULL, NULL, NULL, NULL, 19910823, 20170620, NULL, NULL, NULL, 160.0, 'OPDC', 'OPDC', 'OPDC', 'OPDC', 'OPDC', NULL, NULL, NULL, NULL, NULL, NULL, 'Y', NULL, 'MGS', NULL, 19910814, 20170620),
(14084, '0000014084', 62, '14084', 'B. R.', 30, 22, 'W', 5, 'CDCDCB', '119D', NULL, 'L1', 'A', 'DO', '1', 'MGS', '62136', 232.0, 232.0, 19701119, 6.0, 174.0, NULL, NULL, NULL, NULL, 19910823, 19910823, NULL, NULL, NULL, 160.0, 'OPDC', 'OPDC', 'OPDC', 'OPDC', 'OPDC', NULL, NULL, NULL, NULL, NULL, NULL, NULL, NULL, 'MGS', NULL, 19910814, 20210113),
(20956, '0000020956', 39, '20956', 'BD-N-1', 158, 34, 'W', 26, 'DACABB', '410B', NULL, 'T', 'S', 'EX', '5', 'MGS', NULL, 812.0, 812.0, 19860324, 3.5, 71.0, 'Y', NULL, NULL, NULL, 20060307, 20060316, NULL, NULL, NULL, 71.0, 'PCCR', 'PCCR', NULL, NULL, NULL, NULL, 'Y', NULL, NULL, NULL, NULL, NULL, NULL, 'MGS', NULL, NULL, 20201110),
(105290, '0000105290', 2, '105290', NULL, 32, 25, 'W', 14, 'ABADAC', '136C', NULL, 'T', 'A', 'DO', '1', 'MGS', '27056', 128.0, 128.0, 19770301, 4.0, 123.0, NULL, NULL, NULL, NULL, 19910704, 20031007, 'MGS', 'EB', 'Q', NULL, NULL, 'QFUU', 'QFUU', 'QFUU', 'QBAA', NULL, NULL, NULL, NULL, NULL, NULL, 'Y', NULL, 'MGS', NULL, 19910415, 20140214),
(126305, '0000126305', 2, '126305', NULL, 32, 25, 'W', 14, 'ABADAC', '136C', NULL, 'T', 'A', 'DO', '1', 'MGS', '27056', 128.0, 128.0, 19770301, 4.0, 123.0, 'Y', NULL, NULL, NULL, 19910704, 20031007, 'MGS', 'EB', 'Q', NULL, NULL, 'QFUU', 'QFUU', 'QFUU', 'QBAA', NULL, NULL, NULL, NULL, NULL, NULL, 'Y', NULL, 'MGS', NULL, 19910415, 20140214),
(171802, '0000171802', 2, '171802', 'R. C.', 31, 22, 'W', 5, 'DDABDD', '119A', NULL, 'T', 'A', 'DO', '1', 'MGS', '62119', 215.0, 215.0, 19820513, 4.0, 190.0, 'N', NULL, 'W', 'SDF', 19960221, 19960221, 'MGS', 'JM', 'Q', 120.0, 'CJDN', 'CJSL', 'CJSL', 'CJSL', 'CJSL', NULL, NULL, NULL, NULL, NULL, NULL, 'Y', NULL, 'MGS', NULL, 19910415, 20140214),
(195748, '0000195748', 19, '195748', 'C.G. REIN CO.', 28, 23, 'W', 23, 'ABCBCC', '103B', NULL, 'T', 'S', 'CO', '1', 'MGS', '82054', 375.0, 375.0, 19840309, 4.0, 334.0, 'Y', NULL, 'E', 'SEW', 19910814, 20190102, 'MGS', 'JM', 'Q', 0.0, 'OPVL', 'CJDN', 'CJDN', 'CJDN', 'CJDN', NULL, NULL, NULL, NULL, NULL, NULL, 'Y', NULL, 'MGS', NULL, 19880915, 20190102),
(200828, '0000200828', 19, '200828', 'ECON LAB INC', 28, 23, 'W', 23, 'AAABAB', '103B', NULL, 'T', 'S', 'CO', '7', 'MGS', '62012', 429.0, 428.0, 19610800, 12.0, 336.0, 'Y', NULL, NULL, NULL, 19950926, 20190102, 'MGS', 'BO', 'Q', 3.0, 'OPVL', 'CJDN', 'CSTL', 'CJDN', 'CJDN', NULL, NULL, NULL, NULL, NULL, NULL, 'Y', NULL, 'MGS', NULL, 19880412, 20190102),
(200830, '0000200830', 19, '200830', 'DIAMOND JIM''S', 28, 23, 'W', 23, 'ABABAB', '103B', NULL, 'T', 'A', 'CO', '1', 'MGS', '27015', 400.0, 400.0, 19650526, 4.0, 338.0, 'Y', NULL, NULL, NULL, 19910814, 20190102, 'MGS', 'JM', 'Q', 0.0, 'OPVL', 'CJDN', 'CJDN', 'CJDN', 'CJDN', NULL, NULL, NULL, NULL, NULL, NULL, 'Y', NULL, 'MGS', NULL, 19901019, 20190102),
(209246, '0000209246', 2, '209246', 'S. A.', 32, 25, 'W', 1, 'ADDADC', '136C', NULL, 'T', 'A', 'DO', '1', 'MGS', '02316', 67.0, 67.0, 19720911, 4.0, 62.0, NULL, NULL, NULL, NULL, 19910704, 20070103, 'MGS', 'EB', 'Q', NULL, NULL, 'QFUB', 'QFUB', 'QFUB', 'QBAA', NULL, NULL, NULL, NULL, NULL, NULL, 'Y', NULL, 'MGS', NULL, 19910415, 20170113),
(278795, '0000278795', 2, '278795', NULL, 32, 25, 'W', 1, NULL, NULL, NULL, NULL, 'A', 'DO', NULL, NULL, '02316', 67.0, 67.0, 19720911, 4.0, 62.0, NULL, NULL, NULL, NULL, 20180305, 20180305, NULL, NULL, NULL, NULL, NULL, NULL, NULL, NULL, NULL, NULL, NULL, NULL, NULL, NULL, NULL, 'Y', NULL, 'MGS', NULL, 20180305, 20180831),
(329310, '0000329310', 64, '329310', 'C. M. TH-2', 111, 37, 'W', 27, 'AACADA', '80A', NULL, 'T', 'S', 'TW', 'S', 'MGS', '1493', 78.0, 78.0, 20060502, NULL, NULL, 'Y', NULL, NULL, NULL, 20070606, 20120113, 'MGS', 'DS', 'Q', NULL, NULL, 'QFUB', NULL, NULL, NULL, NULL, NULL, NULL, NULL, NULL, NULL, NULL, NULL, 'MGS', NULL, 20070606, 20140310),
(329324, '0000329324', 64, '329324', 'J. L.', 110, 36, 'W', 11, 'CBBBCB', '79C', NULL, 'T', 'S', 'EN', '1', 'MGS', '08258', 127.0, 127.0, 20050308, 5.0, 0.0, 'Y', NULL, NULL, NULL, 20070605, 20120216, 'MGS', 'DS', 'Q', 117.0, 'KREG', 'KREG', NULL, NULL, NULL, NULL, NULL, NULL, NULL, NULL, NULL, NULL, NULL, 'MGS', NULL, 20070605, 20140310),
(337643, '0000337643', 16, '337643', 'K-1 NEW JERSEY ZINC', 61, 2, 'E', 8, 'CACBBD', '340C', NULL, 'S', 'U', 'EX', 'S', 'MGS', NULL, 564.0, 564.0, 19690000, NULL, NULL, NULL, NULL, NULL, NULL, NULL, 20170130, NULL, NULL, NULL, 133.0, 'PCUU', 'PCUU', NULL, NULL, NULL, NULL, 'Y', NULL, NULL, NULL, NULL, NULL, NULL, 'MGS', NULL, 20170130, 20170130),
(413668, '0000413668', 2, '413668', 'R. C.', 31, 22, 'W', 5, 'DDABDD', '119A', NULL, 'T', 'A', 'DO', '5', 'MGS', '62119', 215.0, 215.0, 19820513, 4.0, 190.0, 'N', NULL, 'W', 'SDF', 19960221, 19960221, 'MGS', 'JM', 'Q', 120.0, 'CJDN', 'CJSL', 'CJSL', 'CJSL', 'CJSL', NULL, NULL, NULL, NULL, NULL, NULL, 'Y', NULL, 'MGS', NULL, 19910415, 20140214),
(461415, '0000461415', 19, '461415', 'MW-3', 28, 23, 'W', 23, 'BDADDB', '103B', NULL, 'L1', 'S', 'MW', 'T', 'CE/H', 'M0054', 24.0, 23.0, 19910320, 2.0, 12.5, 'Y', NULL, 'SW', 'TAN', NULL, 20181227, 'MGS', 'JRS', 'Q', 7.0, 'OPVL', 'OPVL', 'OPVL', 'OPVL', 'OPVL', NULL, NULL, NULL, NULL, NULL, NULL, NULL, NULL, 'MGS', NULL, 19921204, 20181227),
(469382, '0000469382', 19, '469382', 'MW-2', 28, 23, 'W', 23, 'BD', '103B', NULL, NULL, 'S', 'MW', NULL, NULL, '49588', 25.0, 25.0, 19900606, 2.0, 14.0, 'Y', NULL, NULL, NULL, NULL, 20071015, NULL, NULL, NULL, NULL, NULL, NULL, NULL, NULL, NULL, NULL, NULL, NULL, NULL, NULL, NULL, NULL, NULL, 'MGS', 'N', 19921204, 20181227),
(509077, '0000509077', 19, '509077', 'M. C.C. NO.2', 28, 23, 'W', 26, 'DBDABC', '103B', NULL, 'L1', 'A', 'IR', '5', 'MGS', '62012', 436.0, 436.0, 19900200, 12.0, 299.0, 'Y', NULL, NULL, NULL, 19951017, 20210121, 'MGS', 'JRS', 'Q', 91.0, 'OPVL', 'CJDN', 'OPDC', 'CJDN', 'OPCJ', 'Y', NULL, NULL, NULL, NULL, NULL, 'Y', NULL, 'MGS', 'N', 19921229, 20210121),
(623759, '0000623759', 2, '623759', 'RENOWN CONSTRUCTION', 32, 23, 'W', 13, NULL, '135C', NULL, NULL, 'A', 'DO', NULL, NULL, '27695', 92.0, 92.0, 19990622, 4.0, 84.0, 'Y', NULL, 'N', 'SDF', NULL, NULL, NULL, NULL, NULL, NULL, NULL, NULL, NULL, NULL, NULL, NULL, NULL, NULL, NULL, NULL, NULL, 'Y', NULL, 'MGS', 'N', 19990909, 0),
(625657, '0000625657', 9, '625657', 'K. N.', 49, 16, 'W', 34, 'AACDAB', '224A', NULL, 'T', 'A', 'DO', 'T', 'MGS', '09437', 240.0, 240.0, 19990607, 6.0, 139.0, NULL, NULL, 'W', 'SDF', NULL, 20191003, 'MGS', 'TB', 'Q', 139.0, 'PEVT', 'PEVT', 'PEVT', 'PEVT', 'PEVT', NULL, NULL, NULL, NULL, NULL, NULL, 'Y', NULL, 'MDH', 'N', 20000315, 2019103),
(632759, '0000632759', 2, '632759', NULL, 32, 23, 'W', 13, 'BDCAAC', '135C', NULL, 'T', 'A', 'DO', '1', 'CSW', '27695', 92.0, 92.0, 19990622, 4.0, 84.0, 'Y', NULL, 'N', 'SDF', NULL, 20100224, 'MGS', 'EB', 'Q', NULL, NULL, 'QFUU', 'QFUU', 'QFUU', 'QBAA', NULL, NULL, NULL, NULL, NULL, NULL, 'Y', NULL, 'MDH', 'N', 19990921, 20100224),
(681508, '0000681508', 9, '681508', 'K. N.', 49, 16, 'W', 34, 'AADCAD', '224A', NULL, 'T', 'A', 'DO', 'T', 'MGS', '09437', 240.0, 240.0, 20020813, 6.0, 121.0, 'U', NULL, 'E', 'SDF', 20020909, 20191003, 'MGS', 'TB', 'Q', 121.0, 'PEVT', 'PEVT', 'PEVT', 'PEVT', 'PEVT', NULL, NULL, NULL, NULL, NULL, NULL, 'Y', NULL, 'MDH', 'N', 20020909, 2019103),
(861015, '0000861015', 21, '861015', NULL, NULL, NULL, 'W', NULL, 'BABBBC', '180D', 1417.3, 'L1', NULL, NULL, '1', 'MGS', NULL, 0.0, 0.0, NULL, 0.0, 0.0, NULL, NULL, NULL, NULL, NULL, NULL, NULL, NULL, NULL, 0.0, NULL, NULL, NULL, NULL, NULL, NULL, NULL, NULL, NULL, NULL, NULL, NULL, NULL, 'MGS', NULL, NULL, NULL),
(1000026260, '1000026260', 2, '1000026260', NULL, NULL, NULL, 'W', NULL, 'ACBCDC', '119C', 889, 'L1', 'A', 'DO', '5', 'MDH', NULL, 0.0, 0.0, NULL, 3.0, 0.0, NULL, NULL, NULL, NULL, NULL, NULL, NULL, NULL, NULL, 0.0, NULL, NULL, NULL, NULL, NULL, NULL, NULL, NULL, NULL, NULL, NULL, NULL, NULL, 'MGS', NULL, NULL, NULL);

INSERT INTO c4ad (wellid, RELATEID, NAME, ADDTYPE_C, HOUSE_NO, STREET, ROAD_TYPE, ROAD_DIR, CITY, STATE, ZIPCODE, ENTRY_DATE, UPDT_DATE, OTHER) 
VALUES 
(14082, '0000014082', 'B. R.', 'B', '2', 'SNOWY OWL', 'LA', NULL, 'NORTH OAKS', 'MN', NULL, 20031216, 20170620, NULL),
(14084, '0000014084', 'B. R.', 'B', '2', 'SNOWY OWL', 'LA', NULL, 'NORTH OAKS', 'MN', NULL, 20031216, 20170620, NULL),
(105290, '0000105290', NULL, 'W', '5810', '164TH', 'LA', 'NW', 'ANDOVER', 'MN', '55303', 20031007, 20081229, NULL),
(126305, '0000126305', NULL, 'W', '5810', '164TH', 'LA', 'NW', 'RAMSEY', 'MN', '55303', 20031007, NULL, NULL),
(171802, '0000171802', 'R. C.', 'B', '8075', 'AENON', 'PL', NULL, 'LINO LAKES', 'MN', '55014', 19910415, 20121029, NULL),
(195748, '0000195748', 'C.G. REIN CO.', 'B', '949', '13', 'HY', NULL, 'LILYDALE', 'MN', NULL, 19880915, 19910814, NULL),
(200830, '0000200830', 'J. M. THOMPSON', 'B', '901', 'SIBLEY', 'HY', NULL, 'ST PAUL', 'MN', NULL, 19901019, 19910814, NULL),
(209246, '0000209246', 'S. A.', 'W', '17720', 'ROANOKE', 'AV', 'NW', 'RAMSEY', 'MN', '55303', 20070103, 20170113, NULL),
(278795, '0000278795', NULL, 'B', '17700', 'ROANOKE', 'AV', NULL, NULL, 'MN', NULL, 20180305, NULL, NULL),
(329310, '0000329310', 'C. M.', 'B', '23806', '6', 'CH', NULL, 'WABASSO', 'MN', '56293', 20070606, 20120113, NULL),
(329324, '0000329324', 'J. L.', 'W', '20479', 'LASER', 'AV', NULL, 'SANBORN', 'MN', '56083', 20070605, 20120112, NULL),
(413668, '0000413668', 'R. C.', 'B', '8075', 'AENON', 'PL', NULL, 'LINO LAKES', 'MN', '55014', 19910415, 20121029, NULL),
(461415, '0000461415', 'MW-3', 'W', '966', 'SIBLEY MEMORIAL', 'HY', NULL, 'LILYDALE', 'MN', NULL, 19921204, 20081006, NULL),
(461415, '0000461415', 'AMOCO OIL CO', 'C', '5001', '80TH', 'ST', 'W', 'MINNEAPOLIS', 'MN', '55347', 19921204, 20181227, 'SUITE 890'),
(469382, '0000469382', 'MW-2', 'W', '966', 'SIBLEY MEMORIAL', 'HY', NULL, NULL, 'MN', NULL, 19921204, 20081006, NULL),
(469382, '0000469382', 'AMOCO OIL CO.', 'C', '5001', '80TH  #890', 'ST', 'W', 'BLOOMINGTON', 'MN', '55437', 19921204, 20081006, NULL),
(509077, '0000509077', 'M. C. C. NO.2', 'W', NULL, NULL, NULL, NULL, 'MENDOTA HEIGHTS', 'MN', '55120', 19921229, 20040805, NULL),
(509077, '0000509077', 'M. C. C. INC.', 'C', '2075', 'MENDOTA', 'DR', NULL, 'MENDOTA HEIGHTS', 'MN', '55120', 19921229, 20040805, NULL),
(623759, '0000623759', 'RENOWN CONSTRUCTION', 'W', '4462', '161ST', 'LA', NULL, 'HAM LAKE', 'MN', NULL, 19990909, NULL, NULL),
(625657, '0000625657', 'K. N.', 'W', '125', 'JAY COOKE', 'RD', NULL, 'ESKO', 'MN', '55733', 20000315, 20060515, NULL),
(625657, '0000625657', 'K. N.', 'C', '7001', 'VALLEY', 'PL', NULL, 'CRYSTAL', 'MN', '55427', 20000315, 20050311, NULL),
(632759, '0000632759', NULL, 'W', '4462', '161ST', 'LA', 'NE', 'HAM LAKE', 'MN', NULL, 19990921, 20100224, NULL),
(681508, '0000681508', 'K. N.', 'W', '123', 'JAY COOKE', 'RD', NULL, 'ESKO', 'MN', '55733', 20020909, 20050325, NULL);

INSERT INTO c4an (wellid, RELATEID, C5AN_SEQ_NO, AZIMUTH, INCLIN, ANG_DEPTH) 
VALUES 
(20956, '0000020956', 114.0, 0, 45, 0),
(337643, '0000337643', 2740.0, 0, 88, 155),
(337643, '0000337643', 2741.0, 0, 89, 375),
(337643, '0000337643', 2742.0, 0, 88, 505);

INSERT INTO c4c1 (wellid, RELATEID, DRILL_METH, DRILL_FLUD, HYDROFRAC, HFFROM, HFTO, CASE_MAT, CASE_JOINT, CASE_TOP, DRIVE_SHOE, CASE_TYPE, SCREEN, OHTOPFEET, OHBOTFEET, SCREEN_MFG, SCREEN_TYP, PTLSS_MFG, PTLSS_MDL, BSMT_OFFST, CSG_TOP_OK, CSG_AT_GRD, PLSTC_PROT, DISINFECTD, PUMP_INST, PUMP_DATE, PUMP_MFG, PUMP_MODEL, PUMP_HP, PUMP_VOLTS, DROPP_LEN, DROPP_MAT, PUMP_CPCTY, PUMP_TYPE, VARIANCE, DRLLR_NAME, ENTRY_DATE, UPDT_DATE) 
VALUES 
(14082, '0000014082', NULL, NULL, NULL, NULL, NULL, NULL, NULL, 0.0, NULL, 'C', NULL, NULL, NULL, NULL, NULL, NULL, NULL, NULL, NULL, NULL, NULL, NULL, NULL, NULL, NULL, NULL, 0.0, NULL, NULL, NULL, NULL, NULL, NULL, NULL, 19910814, 19910823),
(14084, '0000014084', NULL, NULL, NULL, NULL, NULL, NULL, NULL, 0.0, NULL, 'C', NULL, NULL, NULL, NULL, NULL, NULL, NULL, NULL, NULL, NULL, NULL, NULL, 'Y', NULL, NULL, NULL, 0.0, NULL, NULL, NULL, NULL, 'S', NULL, NULL, 19910814, 19910823),
(20956, '0000020956', 'K', 'A', NULL, NULL, NULL, NULL, 'O', NULL, 'Y', 'C', NULL, NULL, NULL, NULL, NULL, NULL, NULL, NULL, NULL, NULL, NULL, NULL, NULL, NULL, NULL, NULL, NULL, NULL, NULL, NULL, NULL, NULL, NULL, NULL, NULL, NULL),
(105290, '0000105290', 'N', NULL, NULL, NULL, NULL, NULL, NULL, 0.0, NULL, 'C', 'Y', NULL, NULL, 'JOHNSON', 'L', NULL, NULL, NULL, NULL, NULL, NULL, 'Y', 'Y', 19770303, 'STA-RITE', NULL, 0.5, NULL, 54.0, 'G', NULL, 'S', NULL, NULL, 19910415, 19910704),
(126305, '0000126305', 'N', NULL, NULL, NULL, NULL, 'S', 'T', 0.0, NULL, 'C', 'Y', NULL, NULL, 'JOHNSON', 'L', NULL, NULL, NULL, NULL, NULL, NULL, 'Y', 'Y', 19770302, 'STA-RITE', NULL, 0.5, NULL, 54.0, 'G', NULL, 'S', NULL, NULL, 19910415, 19910704),
(171802, '0000171802', 'T', NULL, NULL, NULL, NULL, 'S', 'T', NULL, NULL, 'C', 'N', 190.0, 215.0, NULL, NULL, 'SNAPPY', NULL, NULL, NULL, NULL, NULL, 'Y', 'Y', 19820513, 'FAIRBANKS MORSE', '5008', 0.5, 230, 48.0, 'P', NULL, 'S', NULL, 'SCHROEPFER, T', 19910415, 19960221),
(195748, '0000195748', 'N', NULL, NULL, NULL, NULL, 'S', 'T', 1.0, 'Y', 'C', 'N', 334.0, 375.0, NULL, NULL, 'SNAPPY', NULL, NULL, 'Y', NULL, NULL, 'Y', 'Y', 19840322, 'RED JACKET', 'BVC', 1.0, 230, 200.0, 'G', 15.0, 'S', NULL, 'MCCULLOUGH, D', 19880915, 19910814),
(200828, '0000200828', NULL, NULL, NULL, NULL, NULL, 'S', NULL, NULL, NULL, 'C', 'N', 336.0, 428.0, NULL, NULL, NULL, NULL, NULL, NULL, NULL, NULL, NULL, 'Y', NULL, 'FAIRBANKS MORSE', NULL, 60.0, 440, 208.0, NULL, 500.0, 'S', NULL, NULL, 19880412, 19950926),
(200830, '0000200830', 'T', 'W', NULL, NULL, NULL, 'S', NULL, NULL, NULL, 'C', 'N', 338.0, 400.0, NULL, NULL, 'WHITEWATER', NULL, NULL, NULL, NULL, NULL, NULL, 'Y', 19650526, 'MYERS', '200K4N12CB', 3.0, 240, 126.0, 'G', 40.0, 'S', NULL, NULL, 19901019, 19910814),
(209246, '0000209246', NULL, NULL, NULL, NULL, NULL, 'S', NULL, 0.0, NULL, 'C', 'Y', NULL, NULL, NULL, NULL, NULL, NULL, NULL, NULL, NULL, NULL, NULL, NULL, NULL, NULL, NULL, 0.0, NULL, NULL, NULL, NULL, NULL, NULL, 'SHERMAN, L.', 19910415, 19910704),
(278795, '0000278795', NULL, NULL, NULL, NULL, NULL, NULL, 'O', NULL, NULL, 'C', NULL, NULL, NULL, NULL, NULL, NULL, NULL, NULL, NULL, NULL, NULL, NULL, NULL, NULL, NULL, NULL, NULL, NULL, NULL, NULL, NULL, NULL, NULL, NULL, 20180305, NULL),
(329310, '0000329310', NULL, NULL, NULL, NULL, NULL, NULL, NULL, NULL, NULL, NULL, NULL, NULL, NULL, NULL, NULL, NULL, NULL, NULL, NULL, NULL, NULL, NULL, NULL, NULL, NULL, NULL, NULL, NULL, NULL, NULL, NULL, NULL, NULL, 'KUCK, T.', 20070606, NULL),
(329324, '0000329324', NULL, NULL, NULL, NULL, NULL, NULL, NULL, NULL, NULL, NULL, NULL, NULL, NULL, NULL, NULL, NULL, NULL, NULL, NULL, NULL, NULL, NULL, NULL, NULL, NULL, NULL, NULL, NULL, NULL, NULL, NULL, NULL, NULL, 'KUCK, T.', 20070605, NULL),
(337643, '0000337643', NULL, NULL, NULL, NULL, NULL, NULL, NULL, NULL, NULL, NULL, NULL, NULL, NULL, NULL, NULL, NULL, NULL, NULL, NULL, NULL, NULL, NULL, NULL, NULL, NULL, NULL, NULL, NULL, NULL, NULL, NULL, NULL, NULL, NULL, 20170130, NULL),
(413668, '0000413668', 'T', NULL, NULL, NULL, NULL, 'S', 'T', NULL, NULL, 'C', 'N', 190.0, 215.0, NULL, NULL, 'SNAPPY', NULL, NULL, NULL, NULL, NULL, 'Y', 'Y', 19820513, 'FAIRBANKS MORSE', '5008', 0.5, 230, 48.0, 'P', NULL, 'S', NULL, 'SCHROEPFER, T', 19910415, 19960221),
(461415, '0000461415', 'P', NULL, NULL, NULL, NULL, 'S', 'T', 2.5, NULL, 'C', 'Y', NULL, NULL, 'JOHNSON', 'L', NULL, NULL, NULL, 'Y', NULL, NULL, NULL, 'N', NULL, NULL, NULL, NULL, NULL, NULL, NULL, NULL, NULL, NULL, 'ETI, INC.', 20071015, NULL),
(469382, '0000469382', 'V', NULL, NULL, NULL, NULL, 'P', NULL, 2.0, NULL, 'C', 'Y', NULL, NULL, 'JOHNSON', 'P', NULL, NULL, NULL, 'Y', NULL, NULL, NULL, 'N', NULL, NULL, NULL, NULL, NULL, NULL, NULL, NULL, NULL, NULL, 'ANDERSON, J.', 20071015, NULL),
(509077, '0000509077', 'T', NULL, NULL, NULL, NULL, 'S', 'W', 2.0, 'Y', 'S', 'N', 299.0, 436.0, NULL, NULL, NULL, NULL, NULL, NULL, NULL, NULL, 'Y', 'Y', 19900423, 'JACUZZI', '10 ME', 100.0, 460, 210.0, 'S', 750.0, 'T', NULL, 'UNERTL', 19921229, 19951017),
(623759, '0000623759', 'N', 'O', NULL, NULL, NULL, 'P', 'W', NULL, NULL, 'C', 'Y', NULL, NULL, 'JOHNSON', 'L', 'MERRILL', 'MCK5.5', NULL, 'Y', NULL, 'Y', 'N', NULL, 19990624, 'AERMOTOR', '12T50', 0.5, 230, 60.0, NULL, 12.0, 'S', 'N', 'MCALPINE, T.', 19990909, NULL),
(625657, '0000625657', 'K', 'W', 'Y', 150.0, 240.0, 'S', 'W', NULL, 'Y', 'C', 'N', 139.0, 240.0, NULL, NULL, NULL, NULL, NULL, 'U', NULL, NULL, 'Y', 'N', NULL, NULL, NULL, NULL, NULL, NULL, NULL, NULL, NULL, 'N', 'SUNNARBORG, H', 20000315, 20011214),
(632759, '0000632759', 'N', 'O', NULL, NULL, NULL, 'P', 'W', NULL, NULL, 'C', 'Y', NULL, NULL, 'JOHNSON', 'L', 'MERRILL', 'MCK5.5', NULL, 'Y', NULL, NULL, 'N', NULL, 19990624, 'AERMOTOR', '12T50', 0.5, 230, 60.0, NULL, 12.0, 'S', 'N', 'MCALPINE, T.', 19990921, 19991021),
(681508, '0000681508', 'K', 'W', 'Y', 135.0, 240.0, 'S', 'W', NULL, 'Y', 'C', 'N', 121.0, 240.0, NULL, NULL, NULL, NULL, NULL, 'U', NULL, NULL, 'Y', NULL, NULL, NULL, NULL, NULL, NULL, NULL, NULL, NULL, 'S', 'N', 'SUNNARBORG, C', 20020909, NULL);

INSERT INTO c4c2 (wellid, RELATEID, CONSTYPE, FROM_DEPTH, TO_DEPTH, DIAMETER, SLOT, LENGTH, MATERIAL, AMOUNT, UNITS) 
VALUES 
(14082, '0000014082', 'C', 0.0, 174.0, 6.0, NULL, NULL, NULL, NULL, NULL),
(14084, '0000014084', 'C', 0.0, 174.0, 6.0, NULL, NULL, NULL, NULL, NULL),
(20956, '0000020956', 'C', 31.0, 71.0, 3.5, NULL, NULL, NULL, 8.6, NULL),
(20956, '0000020956', 'H', NULL, 71.0, 4.5, NULL, NULL, NULL, NULL, NULL),
(20956, '0000020956', 'H', NULL, 164.0, 2.75, NULL, NULL, NULL, NULL, NULL),
(20956, '0000020956', 'H', NULL, 812.0, 2.25, NULL, NULL, NULL, NULL, NULL),
(20956, '0000020956', 'G', 2.0, 812.0, NULL, NULL, NULL, 'G', 1.5, 'Y'),
(105290, '0000105290', 'C', 0.0, 123.0, 4.0, NULL, NULL, NULL, NULL, NULL),
(105290, '0000105290', 'S', NULL, NULL, 2.0, NULL, NULL, NULL, NULL, NULL),
(126305, '0000126305', 'C', 0.0, 123.0, 4.0, NULL, NULL, NULL, NULL, NULL),
(126305, '0000126305', 'S', NULL, NULL, 2.0, NULL, NULL, NULL, NULL, NULL),
(171802, '0000171802', 'C', 0.0, 190.0, 4.0, NULL, NULL, NULL, NULL, NULL),
(171802, '0000171802', 'H', NULL, 215.0, 4.0, NULL, NULL, NULL, NULL, NULL),
(195748, '0000195748', 'C', 0.0, 334.0, 4.0, NULL, NULL, NULL, 11.0, NULL),
(195748, '0000195748', 'H', NULL, 334.0, 9.0, NULL, NULL, NULL, NULL, NULL),
(195748, '0000195748', 'H', NULL, 375.0, 4.0, NULL, NULL, NULL, NULL, NULL),
(195748, '0000195748', 'G', NULL, 334.0, NULL, NULL, NULL, 'G', NULL, NULL),
(200828, '0000200828', 'C', 0.0, 336.0, 12.0, NULL, NULL, NULL, NULL, NULL),
(200828, '0000200828', 'H', 0.0, 428.0, 19.0, NULL, NULL, NULL, NULL, NULL),
(200828, '0000200828', 'G', 9.0, 345.0, 0.0, NULL, 0.0, 'G', 26.0, 'Y'),
(200830, '0000200830', 'C', 0.0, 338.0, 4.0, NULL, NULL, NULL, NULL, NULL),
(200830, '0000200830', 'H', NULL, 400.0, 8.0, NULL, NULL, NULL, NULL, NULL),
(200830, '0000200830', 'G', NULL, 338.0, NULL, NULL, NULL, 'G', 80.0, 'S'),
(209246, '0000209246', 'C', 0.0, 62.0, 4.0, NULL, NULL, NULL, NULL, NULL),
(209246, '0000209246', 'S', NULL, NULL, 2.0, NULL, 4.5, NULL, NULL, NULL),
(278795, '0000278795', 'C', 0.0, 62.0, 4.0, NULL, NULL, NULL, NULL, NULL),
(329310, '0000329310', 'G', NULL, 78.0, NULL, NULL, NULL, 'B', 5.0, 'S'),
(329324, '0000329324', 'C', 0.0, 0.0, 0.0, NULL, NULL, NULL, NULL, NULL),
(329324, '0000329324', 'G', NULL, 127.0, NULL, NULL, NULL, 'B', 15.0, 'S'),
(413668, '0000413668', 'C', 0.0, 190.0, 4.0, NULL, NULL, NULL, NULL, NULL),
(413668, '0000413668', 'H', NULL, 215.0, 4.0, NULL, NULL, NULL, NULL, NULL),
(461415, '0000461415', 'C', NULL, 12.5, 2.0, NULL, NULL, NULL, NULL, NULL),
(461415, '0000461415', 'H', NULL, 23.5, 8.0, NULL, NULL, NULL, NULL, NULL),
(461415, '0000461415', 'S', 12.5, 22.5, 2.0, 10.0, 10.0, NULL, NULL, NULL),
(461415, '0000461415', 'G', 2.0, 8.6, NULL, NULL, NULL, 'G', 0.0, NULL),
(469382, '0000469382', 'C', NULL, 14.0, 2.0, NULL, NULL, NULL, NULL, NULL),
(469382, '0000469382', 'H', NULL, 25.0, 6.75, NULL, NULL, NULL, NULL, NULL),
(469382, '0000469382', 'S', 14.0, 24.0, 2.0, 10.0, 10.0, NULL, NULL, NULL),
(469382, '0000469382', 'G', NULL, 10.0, NULL, NULL, NULL, 'G', NULL, NULL),
(469382, '0000469382', 'G', 10.0, 12.0, NULL, NULL, NULL, 'B', NULL, NULL),
(509077, '0000509077', 'C', 0.0, 91.0, 18.0, NULL, NULL, NULL, NULL, NULL),
(509077, '0000509077', 'C', 0.0, 299.0, 12.0, NULL, NULL, NULL, NULL, NULL),
(509077, '0000509077', 'H', 0.0, 436.0, 18.0, NULL, NULL, NULL, NULL, NULL),
(509077, '0000509077', 'G', 0.0, 299.0, 0.0, NULL, 0.0, 'G', 34.5, 'Y'),
(623759, '0000623759', 'G', 0.0, 30.0, NULL, NULL, NULL, 'B', 2.0, 'S'),
(623759, '0000623759', 'G', 30.0, 84.0, NULL, NULL, NULL, NULL, NULL, NULL),
(623759, '0000623759', 'C', 0.0, 84.0, 4.0, NULL, NULL, NULL, NULL, NULL),
(623759, '0000623759', 'H', NULL, 84.0, 6.5, NULL, NULL, NULL, NULL, NULL),
(623759, '0000623759', 'S', 84.0, 92.0, 2.0, 7.0, 8.0, NULL, NULL, NULL),
(625657, '0000625657', 'C', 0.0, 139.0, 6.0, NULL, NULL, NULL, 18.97, NULL),
(625657, '0000625657', 'H', NULL, 240.0, 6.0, NULL, NULL, NULL, NULL, NULL),
(632759, '0000632759', 'C', 0.0, 84.0, 4.0, NULL, NULL, NULL, NULL, NULL),
(632759, '0000632759', 'H', NULL, 84.0, 6.5, NULL, NULL, NULL, NULL, NULL),
(632759, '0000632759', 'S', 84.0, 92.0, 2.0, 7.0, 8.0, NULL, NULL, NULL),
(632759, '0000632759', 'G', 0.0, 30.0, NULL, NULL, NULL, 'H', 2.0, 'S'),
(632759, '0000632759', 'G', 30.0, 84.0, NULL, NULL, NULL, 'C', NULL, NULL),
(681508, '0000681508', 'C', 0.0, 121.0, 6.0, NULL, NULL, NULL, 18.97, NULL),
(681508, '0000681508', 'H', NULL, 240.0, 6.0, NULL, NULL, NULL, NULL, NULL);

INSERT INTO c4id (wellid, RELATEID, IDENTIFIER, ID_TYPE, ID_PROG)
VALUES 
(14082, '0000014082', '14084', 'MDH', 'MNUNIQ'),
(14084, '0000014084', '14082', 'MDH', 'MNUNIQ'),
(20956, '0000020956', '12366', 'MNDNR', 'MIN'),
(195748, '0000195748', 'H296073', 'MDH', 'WMWSR'),
(200828, '0000200828', '223868', 'MDH', 'MNUNIQ'),
(200828, '0000200828', 'H230684', 'MDH', 'WMWSR'),
(200828, '0000200828', '1961-0538', 'MNDNR', 'PA'),
(329310, '0000329310', 'H245175', 'MDH', 'WMWSR'),
(329324, '0000329324', 'H225596', 'MDH', 'WMWSR'),
(337643, '0000337643', '14360', 'MNDNR', 'MIN'),
(461415, '0000461415', 'H170684', 'MDH', 'WMWSR'),
(509077, '0000509077', '3011', 'MGS', 'CUTTING'),
(509077, '0000509077', '1986-6114', 'MNDNR', 'PA');

INSERT INTO c4pl (wellid, RELATEID, PUMPTESTID, TEST_DATE, START_MEAS, FLOW_RATE, DURATION, PUMP_MEAS) 
VALUES 
(14082, '0000014082', 1, 19701000, 40.0, 15.0, NULL, 0.0),
(14084, '0000014084', 1, 19701100, 0.0, 16.0, NULL, 0.0),
(126305, '0000126305', 1, 19770301, 25.0, 30.0, 3.0, 35.0),
(171802, '0000171802', 1, 19820513, 15.0, 30.0, 5.0, 25.0),
(195748, '0000195748', 1, 19840309, 180.0, 40.0, 3.0, 200.0),
(200828, '0000200828', 1, 19610800, 103.0, 408.0, NULL, 170.0),
(200828, '0000200828', 2, 19610800, 103.0, 550.0, NULL, 189.0),
(200828, '0000200828', 3, 19610800, 103.0, 805.0, NULL, 214.0),
(200830, '0000200830', 1, 19650526, 90.0, 70.0, NULL, 90.0),
(209246, '0000209246', 1, 19720911, 12.0, 20.0, NULL, NULL),
(413668, '0000413668', 1, 19820513, 15.0, 30.0, 5.0, 25.0),
(509077, '0000509077', 1, 19900216, 160.0, 750.0, 33.0, 185.0),
(509077, '0000509077', 2, 19900216, 160.0, 1320.0, 8.0, 206.0),
(623759, '0000623759', 1, 19990622, 15.0, 30.0, 3.0, 60.0),
(625657, '0000625657', 1, 19990607, 60.0, NULL, 1.0, 235.0),
(632759, '0000632759', 1, 19990622, 15.0, 30.0, 3.0, 60.0);

INSERT INTO c4rm (wellid, RELATEID, SEQ_NO, REMARKS) 
VALUES 
(14082, '0000014082', 1, 'DUPLICATE OF UNIQUE NO. 14084.'),
(14084, '0000014084', 1, 'DUPLICATE OF UNIQUE NO. 14082'),
(20956, '0000020956', 1, 'AZIMUTH 0, INCLINATION -45.'),
(20956, '0000020956', 2, 'CORED 71-812 FT.'),
(20956, '0000020956', 3, 'CASING AS SHOEN COULD NOT BE REMOVED.'),
(20956, '0000020956', 4, 'CASING FILLED WITH NEAT CEMENT. HOLE CEMENTED WITHIN 2'' OF SURFACE.'),
(20956, '0000020956', 5, 'SURFACE WAS COVERED WITH NATIVE SOIL.'),
(105290, '0000105290', 1, 'SAME AS NO. 126305.'),
(126305, '0000126305', 1, 'SAME AS NO. 105290.'),
(171802, '0000171802', 1, 'SAME AS UNIQUE NO. 413668. SOUTH 0.5 SECT.'),
(195748, '0000195748', 2, 'SEALED 09-19-2011 BY 1347.'),
(200828, '0000200828', 1, 'TALKED TO PLANT MANAGER'),
(200828, '0000200828', 2, 'SEALED 8-19-2005 BY 62012'),
(329310, '0000329310', 2, 'ALSO SEALS, 329333,329326,329451 & 329452'),
(413668, '0000413668', 1, 'SAME AS UNIQUE NO. 171802. SOUTH 0.5 SECT.'),
(461415, '0000461415', 2, 'WELL SEALED 08-08-2000 BY 30714'),
(469382, '0000469382', 1, 'MW 2'),
(469382, '0000469382', 2, 'WELL SEALED 02-06-1997 BY 34050'),
(509077, '0000509077', 1, 'M.G.S. NO.3011.');

INSERT INTO c4st (wellid, RELATEID, DEPTH_TOP, DEPTH_BOT, DRLLR_DESC, COLOR, HARDNESS, STRAT, LITH_PRIM, LITH_SEC, LITH_MINOR) 
VALUES 
(14082, '0000014082', 0.0, 50.0, 'SAND & CLAY', NULL, NULL, 'QUUU', 'SAND', 'CLAY', NULL),
(14082, '0000014082', 50.0, 160.0, 'SAND & GRAVEL & CLAY', NULL, NULL, 'QUUU', 'SAND', 'GRVL', 'CLAY'),
(14082, '0000014082', 160.0, 174.0, 'BROKEN UP ROCK', NULL, NULL, 'OPDC', 'DLMT', NULL, NULL),
(14082, '0000014082', 174.0, 232.0, 'ROCK', NULL, NULL, 'OPDC', 'DLMT', NULL, NULL),
(14084, '0000014084', 0.0, 50.0, 'SAND & CLAY', NULL, NULL, 'QUUU', 'SAND', 'CLAY', NULL),
(14084, '0000014084', 50.0, 160.0, 'SAND & GRAVEL & CLAY', NULL, NULL, 'QUUU', 'SAND', 'GRVL', 'CLAY'),
(14084, '0000014084', 160.0, 174.0, 'BROKEN ROCK', NULL, NULL, 'OPDC', 'DLMT', NULL, NULL),
(14084, '0000014084', 174.0, 232.0, 'ROCK', NULL, NULL, 'OPDC', 'DLMT', NULL, NULL),
(20956, '0000020956', 0.0, 71.0, 'OVERBURDEN - CLAY SAND', 'TAN', 'SOFT', 'QLUB', 'CLAY', 'SAND', NULL),
(20956, '0000020956', 71.0, 443.0, 'INT. - MAFIC VOLCANICS', 'DK. GRN', 'MEDIUM', 'PCCR', 'VOLU', NULL, NULL),
(20956, '0000020956', 443.0, 540.0, 'INTERBEDED MAGNETIC IRON FORMATION', 'GRN/GRY', 'HARD', 'PCCR', 'IRFM', NULL, NULL),
(20956, '0000020956', 540.0, 717.0, '"MASSIVE SULFIDE" - 25', NULL, 'MEDIUM', 'PCCR', 'BDRK', NULL, NULL),
(20956, '0000020956', 717.0, 723.0, 'INT. PORPH. DIKE', 'GRAY', 'MEDIUM', 'PCCR', 'BDRK', NULL, NULL),
(20956, '0000020956', 723.0, 732.0, 'SULFIDE ZONE', NULL, 'MEDIUM', 'PCCR', 'BDRK', NULL, NULL),
(20956, '0000020956', 732.0, 753.0, 'PORPHYRY DIKE', 'GRAY', 'MEDIUM', 'PCCR', 'BDRK', NULL, NULL),
(20956, '0000020956', 753.0, 812.0, 'SULFIDE ZONE', NULL, 'MEDIUM', 'PCCR', 'BDRK', NULL, NULL),
(105290, '0000105290', 0.0, 10.0, 'SAND', NULL, NULL, 'QFUU', 'SAND', NULL, NULL),
(105290, '0000105290', 10.0, 40.0, 'CLAY', NULL, NULL, 'QCUU', 'CLAY', NULL, NULL),
(105290, '0000105290', 40.0, 80.0, 'GRAVEL & ROCKS', NULL, NULL, 'QGUU', 'COBL', NULL, NULL),
(105290, '0000105290', 80.0, 128.0, 'WATER SAND', NULL, NULL, 'QFUU', 'SAND', NULL, NULL),
(126305, '0000126305', 0.0, 10.0, 'SAND', NULL, NULL, 'QFUU', 'SAND', NULL, NULL),
(126305, '0000126305', 10.0, 40.0, 'CLAY', NULL, NULL, 'QCUU', 'CLAY', NULL, NULL),
(126305, '0000126305', 40.0, 80.0, 'GRAVEL & ROCKS', NULL, NULL, 'QGUU', 'GRVL', 'COBL', NULL),
(126305, '0000126305', 80.0, 128.0, 'WATER SAND', NULL, NULL, 'QFUU', 'SAND', NULL, NULL),
(171802, '0000171802', 0.0, 27.0, 'FINE SAND', 'BROWN', 'SOFT', 'QFUB', 'SAND', NULL, NULL),
(171802, '0000171802', 27.0, 40.0, 'CLAY', 'RED', 'SOFT', 'QCUR', 'CLAY', NULL, NULL),
(171802, '0000171802', 40.0, 51.0, 'CLAY', 'BROWN', 'SOFT', 'QCUB', 'CLAY', NULL, NULL),
(171802, '0000171802', 51.0, 60.0, 'FINE SAND', 'RED', 'SOFT', 'QFUR', 'SAND', NULL, NULL),
(171802, '0000171802', 60.0, 120.0, 'MUDDY SAND', 'BROWN', 'SOFT', 'QNUB', 'SAND', 'MUDD', NULL),
(171802, '0000171802', 120.0, 190.0, 'SANDROCK', 'WHITE', 'SOFT', 'CJDN', 'SNDS', NULL, NULL),
(171802, '0000171802', 190.0, 215.0, 'SANDROCK', 'WHITE', 'HARD', 'CJSL', 'SNDS', NULL, NULL),
(195748, '0000195748', 0.0, 33.0, 'LIMEROCK', NULL, NULL, 'OPGW', 'LMSN', 'SHLE', NULL),
(195748, '0000195748', 33.0, 190.0, 'SANDROCK', NULL, NULL, 'OSTP', 'SNDS', NULL, NULL),
(195748, '0000195748', 190.0, 320.0, 'SHAKOPEE', NULL, NULL, 'OPDC', 'DLMT', NULL, NULL),
(195748, '0000195748', 320.0, 375.0, 'JORDAN', NULL, NULL, 'CJDN', 'SNDS', NULL, NULL),
(200828, '0000200828', 0.0, 3.0, 'TOPSOIL', NULL, NULL, 'RUUU', 'SOIL', NULL, NULL),
(200828, '0000200828', 3.0, 32.0, 'LIMEROCK', NULL, NULL, 'OPGW', 'LMSN', 'SHLE', NULL),
(200828, '0000200828', 32.0, 36.0, 'SOAPSTONE', NULL, NULL, 'OGWD', 'SHLE', NULL, NULL),
(200828, '0000200828', 36.0, 198.0, 'ST PETER SANDROCK', NULL, NULL, 'OSTP', 'SNDS', NULL, NULL),
(200828, '0000200828', 198.0, 330.0, 'SHAKOPEE LIMEROCK', NULL, NULL, 'OPDC', 'DLMT', NULL, NULL),
(200828, '0000200828', 330.0, 428.0, 'JORDAN SANDROCK', NULL, NULL, 'CJDN', 'SNDS', NULL, NULL),
(200828, '0000200828', 428.0, 429.0, 'SHALE', NULL, NULL, 'CSTL', 'SLSN', NULL, NULL),
(200830, '0000200830', 0.0, 27.0, 'LIMEROCK', 'GRAY', NULL, 'OPGW', 'LMSN', 'SHLE', NULL),
(200830, '0000200830', 27.0, 45.0, 'ST. PETER', 'BROWN', NULL, 'OSTP', 'SNDS', NULL, NULL),
(200830, '0000200830', 45.0, 143.0, 'ST. PETER', 'WHITE', NULL, 'OSTP', 'SNDS', NULL, NULL),
(200830, '0000200830', 143.0, 148.0, 'SHALE', 'GRAY', NULL, 'OSTP', 'SHLE', NULL, NULL),
(200830, '0000200830', 148.0, 192.0, 'ST. PETER', 'GRAY', NULL, 'OSTP', 'SNDS', NULL, NULL),
(200830, '0000200830', 192.0, 323.0, 'SHAKOPEE', 'TAN', NULL, 'OPDC', 'DLMT', NULL, NULL),
(200830, '0000200830', 323.0, 400.0, 'JORDAN', 'WHITE', NULL, 'CJDN', 'SNDS', NULL, NULL),
(209246, '0000209246', 0.0, 18.0, 'CLAY', 'BROWN', NULL, 'QCUB', 'CLAY', NULL, NULL),
(209246, '0000209246', 18.0, 30.0, 'CLAY & SAND', 'GRAY', NULL, 'QLUG', 'CLAY', 'SAND', NULL),
(209246, '0000209246', 30.0, 67.0, 'SAND', 'BROWN', NULL, 'QFUB', 'SAND', NULL, NULL),
(278795, '0000278795', 0.0, 18.0, 'CLAY', 'BROWN', NULL, NULL, NULL, NULL, NULL),
(278795, '0000278795', 18.0, 30.0, 'CLAY & SAND', 'GRAY', NULL, NULL, NULL, NULL, NULL),
(278795, '0000278795', 30.0, 67.0, 'SAND', 'BROWN', NULL, NULL, NULL, NULL, NULL),
(329310, '0000329310', 0.0, 2.0, 'SOIL', 'BLACK', 'SOFT', 'RUUK', 'SOIL', 'ORGD', NULL),
(329310, '0000329310', 2.0, 24.0, 'CLAY SANDY', 'YELLOW', 'SOFT', 'QLUY', 'CLAY', 'SAND', NULL),
(329310, '0000329310', 24.0, 38.0, 'CLAY/SANDY', 'BLUE', 'SOFT', 'QLUG', 'CLAY', 'SAND', NULL),
(329310, '0000329310', 38.0, 39.0, 'SAND MED', 'BROWN', NULL, 'QFUB', 'SAND', NULL, NULL),
(329310, '0000329310', 39.0, 46.0, 'SAND/CLAY', 'BLUE', 'SOFT', 'QLUG', 'SAND', 'CLAY', NULL),
(329310, '0000329310', 46.0, 57.0, 'SANDY CLAY', 'GRAY', 'SOFT', 'QLUG', 'CLAY', NULL, NULL),
(329310, '0000329310', 57.0, 61.0, 'V SAND FINE', 'LT. BRN', 'SOFT', 'QFUB', 'SAND', NULL, NULL),
(329310, '0000329310', 61.0, 78.0, 'V FINE SAND', 'LT. BRN', 'SOFT', 'QFUG', 'SAND', NULL, NULL),
(329324, '0000329324', 0.0, 2.0, 'SOIL', 'BLACK', 'SOFT', 'RUUK', 'SOIL', 'ORGD', NULL),
(329324, '0000329324', 2.0, 22.0, 'CLAY SANDY', 'YELLOW', 'SOFT', 'QLUY', 'CLAY', 'SAND', NULL),
(329324, '0000329324', 22.0, 31.0, 'CLAY SANDY', 'BLUE', 'SOFT', 'QLUG', 'CLAY', 'SAND', NULL),
(329324, '0000329324', 31.0, 35.0, 'SAND MEDIUM', 'BROWN', 'SOFT', 'QFUB', 'SAND', NULL, NULL),
(329324, '0000329324', 35.0, 58.0, 'CLAY SANDY', 'BLUE', 'SOFT', 'QLUG', 'CLAY', 'SAND', NULL),
(329324, '0000329324', 58.0, 63.0, 'FINE MUDDY SAND', 'BROWN', 'SOFT', 'QNUB', 'SAND', 'SILT', NULL),
(329324, '0000329324', 63.0, 117.0, 'CLAY SANDY FIRM', 'GRAY', NULL, 'QLUG', 'CLAY', 'SAND', NULL),
(329324, '0000329324', 117.0, 127.0, 'DECOMPOSED STICKY FIRM', 'YEL/WHT', NULL, 'KREG', 'REGO', NULL, NULL),
(337643, '0000337643', 0.0, 133.0, 'OVERBURDEN', NULL, NULL, 'QUUU', 'DRFT', NULL, NULL),
(337643, '0000337643', 133.0, 564.0, 'BASEMENT', NULL, NULL, 'PCUU', 'BDRK', NULL, NULL),
(413668, '0000413668', 0.0, 27.0, 'FINE SAND', 'BROWN', 'SOFT', 'QFUB', 'SAND', NULL, NULL),
(413668, '0000413668', 27.0, 40.0, 'CLAY', 'RED', 'SOFT', 'QCUR', 'CLAY', NULL, NULL),
(413668, '0000413668', 40.0, 51.0, 'CLAY', 'BROWN', 'SOFT', 'QCUB', 'CLAY', NULL, NULL),
(413668, '0000413668', 51.0, 60.0, 'FINE SAND', 'RED', 'SOFT', 'QFUR', 'SAND', NULL, NULL),
(413668, '0000413668', 60.0, 120.0, 'MUDDY SAND', 'BROWN', 'SOFT', 'QNUB', 'SAND', 'MUDD', NULL),
(413668, '0000413668', 120.0, 190.0, 'SANDROCK', 'WHITE', 'SOFT', 'CJDN', 'SNDS', NULL, NULL),
(413668, '0000413668', 190.0, 215.0, 'SANDROCK', 'WHITE', 'HARD', 'CJSL', 'SNDS', NULL, NULL),
(461415, '0000461415', 0.0, 1.0, 'ASPHALT', NULL, NULL, 'PVMT', 'PVMT', NULL, NULL),
(461415, '0000461415', 1.0, 7.0, 'F-M SAND', 'BROWN', NULL, 'QFUB', 'SAND', NULL, NULL),
(461415, '0000461415', 7.0, 9.0, 'WEATHERED LIMESTONE', NULL, NULL, 'OPVL', 'LMSN', NULL, NULL),
(461415, '0000461415', 9.0, 24.0, 'LIMESTONE BEDROCK', NULL, NULL, 'OPVL', 'LMSN', NULL, NULL),
(469382, '0000469382', 0.0, 8.0, 'FILL & CLAY', NULL, NULL, NULL, NULL, NULL, NULL),
(469382, '0000469382', 8.0, 25.0, 'LIMEROCK', NULL, NULL, NULL, NULL, NULL, NULL),
(509077, '0000509077', 0.0, 5.0, 'BLACK DIRT', 'BLACK', NULL, 'RUUK', 'SOIL', 'ORGD', NULL),
(509077, '0000509077', 5.0, 91.0, 'SAND GRAVEL & CLAY', 'BROWN', NULL, 'QPUB', 'SAND', 'GRVL', 'CLAY'),
(509077, '0000509077', 91.0, 98.0, 'SHALE', 'BROWN', 'MEDIUM', 'QCUB', 'CLAY', 'SHLE', NULL),
(509077, '0000509077', 98.0, 120.0, 'ST. PETER', 'GRAY', 'MEDIUM', 'OPVL', 'LMSN', 'DLMT', NULL),
(509077, '0000509077', 120.0, 125.0, 'ST. PETER', 'GRAY', 'MEDIUM', 'OPGW', 'LMSN', 'SHLE', 'DLMT'),
(509077, '0000509077', 125.0, 282.0, 'ST. PETER', 'GRAY', 'MEDIUM', 'OSTP', 'SNDS', 'SLSN', NULL),
(509077, '0000509077', 282.0, 312.0, 'SHAKOPEE', 'GRAY', 'HARD', 'OPDC', 'DLMT', NULL, NULL),
(509077, '0000509077', 312.0, 343.0, 'SHAKOPEE', 'TAN', 'HARD', 'OPDC', 'DLMT', NULL, NULL),
(509077, '0000509077', 343.0, 432.0, 'SHAKOPEE', 'GRAY', 'HARD', 'OPDC', 'DLMT', NULL, NULL),
(509077, '0000509077', 432.0, 436.0, 'JORDAN', 'GRAY', 'MEDIUM', 'CJDN', 'SNDS', NULL, NULL),
(623759, '0000623759', 0.0, 20.0, 'SANDY CLAY', 'BROWN', 'SOFT', NULL, NULL, NULL, NULL),
(623759, '0000623759', 20.0, 50.0, 'SAND', 'BROWN', 'MEDIUM', NULL, NULL, NULL, NULL),
(623759, '0000623759', 50.0, 60.0, 'SANDY  CLAY', 'GRAY', 'MEDIUM', NULL, NULL, NULL, NULL),
(623759, '0000623759', 60.0, 75.0, 'CLAY & GRAVEL', 'GRAY', 'MEDIUM', NULL, NULL, NULL, NULL),
(623759, '0000623759', 75.0, 92.0, 'SAND', 'BROWN', 'SOFT', NULL, NULL, NULL, NULL),
(625657, '0000625657', 0.0, 90.0, 'CLAY', 'BROWN', 'MEDIUM', 'QCUB', 'CLAY', NULL, NULL),
(625657, '0000625657', 90.0, 98.0, 'SAND FINE', 'GRAY', 'SOFT', 'QFUG', 'SAND', NULL, NULL),
(625657, '0000625657', 98.0, 130.0, 'CLAY', 'BROWN', 'MEDIUM', 'QCUB', 'CLAY', NULL, NULL),
(625657, '0000625657', 130.0, 139.0, 'SAND FINE', 'BROWN', 'SOFT', 'QFUB', 'SAND', NULL, NULL),
(625657, '0000625657', 139.0, 240.0, 'SLATE ROCK', 'DK. GRY', 'MEDIUM', 'PEVT', 'SLTE', NULL, NULL),
(632759, '0000632759', 0.0, 20.0, 'SANDY CLAY', 'BROWN', 'SOFT', 'QLUB', 'CLAY', 'SAND', NULL),
(632759, '0000632759', 20.0, 50.0, 'SAND', 'BRN/GRY', 'MEDIUM', 'QFUU', 'SAND', NULL, NULL),
(632759, '0000632759', 50.0, 60.0, 'SANDY CLAY', 'GRAY', 'MEDIUM', 'QLUG', 'CLAY', 'SAND', NULL),
(632759, '0000632759', 60.0, 75.0, 'CLAY GRAVEL', 'GRY/BLK', 'MEDIUM', 'QPUU', 'CLAY', 'GRVL', NULL),
(632759, '0000632759', 75.0, 92.0, 'SAND', 'BRN/RED', 'SOFT', 'QFUU', 'SAND', NULL, NULL),
(681508, '0000681508', 0.0, 90.0, 'CLAY', 'RED/BRN', 'MEDIUM', 'QCUU', 'CLAY', NULL, NULL),
(681508, '0000681508', 90.0, 94.0, 'SILTY SAND', 'BROWN', 'SOFT', 'QNUB', 'SAND', 'SILT', NULL),
(681508, '0000681508', 94.0, 119.0, 'CLAY', 'BROWN', 'MEDIUM', 'QCUB', 'CLAY', NULL, NULL),
(681508, '0000681508', 119.0, 121.0, 'FINE SILTY', 'BROWN', 'SOFT', 'QIUB', 'SILT', NULL, NULL),
(681508, '0000681508', 121.0, 200.0, 'SLATE ROCK', 'BLACK', 'MEDIUM', 'PEVT', 'SLTE', NULL, NULL),
(681508, '0000681508', 200.0, 240.0, 'SLATE ROCK', NULL, NULL, 'PEVT', 'SLTE', NULL, NULL);

INSERT INTO c4wl (wellid, RELATEID, MEAS_TYPE, MEAS_DATE, MEAS_TIME, M_PT_CODE, MEAS_POINT, MEASUREMT, MEAS_ELEV, DATA_SRC, PROGRAM, ENTRY_DATE, UPDT_DATE) 
VALUES 
(14082, '0000014082', 'IN', 19701020, NULL, 'A', 0.0, 40.0, 870.0, '62136', 'CWI', 19910814, 20170620),
(105290, '0000105290', 'IN', 19770301, NULL, 'A', 0.0, 15.0, 861.0, '27056', 'CWI', 19910415, 0),
(126305, '0000126305', 'IN', 19770301, NULL, 'A', 0.0, 25.0, 851.0, '27056', 'CWI', 19910415, 0),
(171802, '0000171802', 'IN', 19820513, NULL, 'A', 0.0, 15.0, 895.0, '62119', 'CWI', 19910415, 0),
(195748, '0000195748', 'IN', 19840309, NULL, 'A', 0.0, 180.0, 620.0, '82054', 'CWI', 19880915, 0),
(200828, '0000200828', 'IN', 19610800, NULL, 'A', 0.0, 103.0, 706.0, '62012', 'CWI', 19880412, 20180221),
(200828, '0000200828', 'SE', 20050819, NULL, 'A', NULL, 91.0, 718.0, '62012', 'WELLLOG', 20180221, NULL),
(200830, '0000200830', 'IN', 19641223, NULL, 'A', 0.0, 90.0, 712.0, '27015', 'CWI', 19901019, 20181227),
(209246, '0000209246', 'IN', 19720911, NULL, 'A', 0.0, 12.0, 849.0, '02316', 'CWI', 19910415, 0),
(278795, '0000278795', 'IN', 19720911, NULL, 'A', NULL, 12.0, NULL, '02316', 'WELLLOG', 20180305, NULL),
(413668, '0000413668', 'IN', 19820513, NULL, 'A', 0.0, 15.0, 895.0, '62119', 'CWI', 19910415, 0),
(509077, '0000509077', 'IN', 19900216, NULL, 'A', 0.0, 160.0, 752.0, '62012', 'CWI', 19921229, 20181228),
(623759, '0000623759', 'IN', 19990622, NULL, NULL, NULL, 15.0, NULL, '27695', 'WELLLOG', 19990909, NULL),
(625657, '0000625657', 'IN', 19990607, NULL, 'A', NULL, 60.0, 1155.0, '09437', 'WELLLOG', 20000315, NULL),
(632759, '0000632759', 'IN', 19990622, NULL, 'A', NULL, 15.0, 893.0, '27695', 'WELLLOG', 19990921, 20100209);

INSERT INTO c4locs (wellid, CWI_loc, RELATEID, COUNTY_C, UNIQUE_NO, WELLNAME, TOWNSHIP, RANGE, RANGE_DIR, SECTION, SUBSECTION, MGSQUAD_C, ELEVATION, ELEV_MC, STATUS_C, USE_C, LOC_MC, LOC_SRC, DATA_SRC, DEPTH_DRLL, DEPTH_COMP, DATE_DRLL, CASE_DIAM, CASE_DEPTH, GROUT, POLLUT_DST, POLLUT_DIR, POLLUT_TYP, STRAT_DATE, STRAT_UPD, STRAT_SRC, STRAT_GEOL, STRAT_MC, DEPTH2BDRK, FIRST_BDRK, LAST_STRAT, OHTOPUNIT, OHBOTUNIT, AQUIFER, CUTTINGS, CORE, BHGEOPHYS, GEOCHEM, WATERCHEM, OBWELL, SWL, DH_VIDEO, INPUT_SRC, UNUSED, ENTRY_DATE, UPDT_DATE, GEOC_TYPE, GCM_CODE, GEOC_SRC, GEOC_PRG, UTME, UTMN, GEOC_ENTRY, GEOC_DATE, GEOCUPD_EN, GEOCUPD_DA, RCVD_DATE, WELL_LABEL, SWLCOUNT, SWLDATE, SWLAVGMEAS, SWLAVGELEV) 
VALUES 
(14082, 'loc', '0000014082', 62, '14082', 'B. R.', NULL, NULL, 'W', NULL, 'CDCDCB', '119D', 910.0, 'L1', 'A', 'DO', '1', 'MGS', '62136', 232.0, 232.0, NULL, 6.0, 174.0, NULL, NULL, NULL, NULL, NULL, NULL, NULL, NULL, NULL, 160.0, 'OPDC', 'OPDC', 'OPDC', 'OPDC', 'OPDC', NULL, NULL, NULL, NULL, NULL, NULL, 'Y', NULL, 'MGS', NULL, NULL, NULL, 'WW', 'DS1', 'MGS', 'CWI', 493678.0, 4994997.0, NULL, NULL, NULL, NULL, NULL, '14082', NULL, NULL, 40.0, 870.0),
(14084, 'loc', '0000014084', 62, '14084', 'B. R.', NULL, NULL, 'W', NULL, 'CDCDCB', '119D', 908.8, 'L1', 'A', 'DO', '1', 'MGS', '62136', 232.0, 232.0, NULL, 6.0, 174.0, NULL, NULL, NULL, NULL, NULL, NULL, NULL, NULL, NULL, 160.0, 'OPDC', 'OPDC', 'OPDC', 'OPDC', 'OPDC', NULL, NULL, NULL, NULL, NULL, NULL, NULL, NULL, 'MGS', NULL, NULL, NULL, 'WW', 'DS1', 'MGS', 'CWI', 493678.0, 4994997.0, NULL, NULL, NULL, NULL, NULL, '14084', NULL, NULL, 0.0, 0.0),
(20956, 'loc', '0000020956', 39, '20956', 'BD-N-1', NULL, NULL, 'W', NULL, 'DACABB', '410B', 1200.0, 'T', 'S', 'EX', '5', 'MGS', NULL, 812.0, 812.0, NULL, 3.5, 71.0, 'Y', NULL, NULL, NULL, NULL, NULL, NULL, NULL, NULL, 71.0, 'PCCR', 'PCCR', NULL, NULL, NULL, NULL, 'Y', NULL, NULL, NULL, NULL, NULL, NULL, 'MGS', NULL, NULL, NULL, 'EX', 'DS1', 'MGS', 'CWI', 353868.0, 5370772.0, NULL, NULL, NULL, NULL, NULL, '20956', NULL, NULL, 0.0, 0.0),
(105290, 'loc', '0000105290', 2, '105290', NULL, NULL, NULL, 'W', NULL, 'ABADAC', '136C', 876.0, 'T', 'A', 'DO', '1', 'MGS', '27056', 128.0, 128.0, NULL, 4.0, 123.0, NULL, NULL, NULL, NULL, NULL, NULL, 'MGS', 'EB', 'Q', 0.0, NULL, 'QFUU', 'QFUU', 'QFUU', 'QBAA', NULL, NULL, NULL, NULL, NULL, NULL, 'Y', NULL, 'MGS', NULL, NULL, NULL, 'WW', 'A', 'MGS', 'CWI', 467495.0, 5012919.0, NULL, NULL, NULL, NULL, NULL, '105290', NULL, NULL, 15.0, 861.0),
(126305, 'loc', '0000126305', 2, '126305', NULL, NULL, NULL, 'W', NULL, 'ABADAC', '136C', 876.0, 'T', 'A', 'DO', '1', 'MGS', '27056', 128.0, 128.0, NULL, 4.0, 123.0, 'Y', NULL, NULL, NULL, NULL, NULL, 'MGS', 'EB', 'Q', 0.0, NULL, 'QFUU', 'QFUU', 'QFUU', 'QBAA', NULL, NULL, NULL, NULL, NULL, NULL, 'Y', NULL, 'MGS', NULL, NULL, NULL, 'WW', 'A', 'MGS', 'CWI', 467495.0, 5012921.0, NULL, NULL, NULL, NULL, NULL, '126305', NULL, NULL, 25.0, 851.0),
(171802, 'loc', '0000171802', 2, '171802', 'R.C.', NULL, NULL, 'W', NULL, 'DDABDD', '119A', 910.0, 'T', 'A', 'DO', '1', 'MGS', '62119', 215.0, 215.0, NULL, 4.0, 190.0, 'N', NULL, 'W', 'SDF', NULL, NULL, 'MGS', 'JM', 'Q', 120.0, 'CJDN', 'CJSL', 'CJSL', 'CJSL', 'CJSL', NULL, NULL, NULL, NULL, NULL, NULL, 'Y', NULL, 'MGS', NULL, NULL, NULL, 'WW', 'DS1', 'MGS', 'CWI', 491908.0, 5005086.0, NULL, NULL, NULL, NULL, NULL, '171802', NULL, NULL, 15.0, 895.0),
(195748, 'loc', '0000195748', 19, '195748', 'C.G. REIN CO.', NULL, NULL, 'W', NULL, 'ABCBCC', '103B', 800.0, 'T', 'S', 'CO', '1', 'MGS', '82054', 375.0, 375.0, NULL, 4.0, 334.0, 'Y', NULL, 'E', 'SEW', NULL, NULL, 'MGS', 'JM', 'Q', 0.0, 'OPVL', 'CJDN', 'CJDN', 'CJDN', 'CJDN', NULL, NULL, NULL, NULL, NULL, NULL, 'Y', NULL, 'MGS', NULL, NULL, NULL, 'WW', 'DS1', 'MGS', 'CWI', 489235.0, 4972128.0, NULL, NULL, NULL, NULL, NULL, '195748', NULL, NULL, 180.0, 620.0),
(200828, 'loc', '0000200828', 19, '200828', 'ECON LAB INC', NULL, NULL, 'W', NULL, 'AAABAB', '103B', 809.0, 'T', 'S', 'CO', '7', 'MGS', '62012', 429.0, 428.0, NULL, 12.0, 336.0, 'Y', NULL, NULL, NULL, NULL, NULL, 'MGS', 'BO', 'Q', 3.0, 'OPVL', 'CJDN', 'CSTL', 'CJDN', 'CJDN', NULL, NULL, NULL, NULL, NULL, NULL, 'Y', NULL, 'MGS', NULL, NULL, NULL, 'WW', 'DS1', 'MGS', 'CWI', 489896.0, 4972420.0, NULL, NULL, NULL, NULL, NULL, '200828', NULL, NULL, 91.0, 718.0),
(200830, 'loc', '0000200830', 19, '200830', 'DIAMOND JIM''S', NULL, NULL, 'W', NULL, 'ABABAB', '103B', 802.0, 'T', 'A', 'CO', '1', 'MGS', '27015', 400.0, 400.0, NULL, 4.0, 338.0, 'Y', NULL, NULL, NULL, NULL, NULL, 'MGS', 'JM', 'Q', 0.0, 'OPVL', 'CJDN', 'CJDN', 'CJDN', 'CJDN', NULL, NULL, NULL, NULL, NULL, NULL, 'Y', NULL, 'MGS', NULL, NULL, NULL, 'WW', 'DS1', 'MGS', 'CWI', 489498.0, 4972413.0, NULL, NULL, NULL, NULL, NULL, '200830', NULL, NULL, 90.0, 712.0),
(209246, 'loc', '0000209246', 2, '209246', 'S. A.', NULL, NULL, 'W', NULL, 'ADDADC', '136C', 861.0, 'T', 'A', 'DO', '1', 'MGS', '02316', 67.0, 67.0, NULL, 4.0, 62.0, NULL, NULL, NULL, NULL, NULL, NULL, 'MGS', 'EB', 'Q', 0.0, NULL, 'QFUB', 'QFUB', 'QFUB', 'QBAA', NULL, NULL, NULL, NULL, NULL, NULL, 'Y', NULL, 'MGS', NULL, NULL, NULL, 'WW', 'A', 'MGS', 'CWI', 469497.0, 5015551.0, NULL, NULL, NULL, NULL, NULL, '209246', NULL, NULL, 12.0, 849.0),
(278795, 'unloc', '0000278795', 2, '278795', NULL, NULL, NULL, 'W', NULL, NULL, NULL, 0.0, NULL, 'A', 'DO', NULL, NULL, '02316', 67.0, 67.0, NULL, 4.0, 62.0, NULL, NULL, NULL, NULL, NULL, NULL, NULL, NULL, NULL, 0.0, NULL, NULL, NULL, NULL, NULL, NULL, NULL, NULL, NULL, NULL, NULL, 'Y', NULL, 'MGS', NULL, NULL, NULL, NULL, 'PS', NULL, NULL, 468742.0, 5015435.0, NULL, NULL, NULL, NULL, NULL, '278795', NULL, NULL, 0.0, 0.0),
(329310, 'loc', '0000329310', 64, '329310', 'C. M. TH-2', NULL, NULL, 'W', NULL, 'AACADA', '80A', 1091.0, 'T', 'S', 'TW', 'S', 'MGS', '1493', 78.0, 78.0, NULL, 0.0, 0.0, 'Y', NULL, NULL, NULL, NULL, NULL, 'MGS', 'DS', 'Q', 0.0, NULL, 'QFUB', NULL, NULL, NULL, NULL, NULL, NULL, NULL, NULL, NULL, NULL, NULL, 'MGS', NULL, NULL, NULL, NULL, 'DS2', 'MGS', 'CWI', 319073.0, 4918436.0, NULL, NULL, NULL, NULL, NULL, '329310', NULL, NULL, 0.0, 0.0),
(329324, 'loc', '0000329324', 64, '329324', 'J. L.', NULL, NULL, 'W', NULL, 'CBBBCB', '79C', 1078.0, 'T', 'S', 'EN', '1', 'MGS', '08258', 127.0, 127.0, NULL, 5.0, 0.0, 'Y', NULL, NULL, NULL, NULL, NULL, 'MGS', 'DS', 'Q', 117.0, 'KREG', 'KREG', NULL, NULL, NULL, NULL, NULL, NULL, NULL, NULL, NULL, NULL, NULL, 'MGS', NULL, NULL, NULL, NULL, 'DS2', 'MGS', 'CWI', 328869.0, 4912609.0, NULL, NULL, NULL, NULL, NULL, '329324', NULL, NULL, 0.0, 0.0),
(337643, 'loc', '0000337643', 16, '337643', 'K-1 NEW JERSEY ZINC', NULL, NULL, 'E', NULL, 'CACBBD', '340C', 669.37, 'S', 'U', 'EX', 'S', 'MGS', NULL, 564.0, 564.0, NULL, 0.0, 0.0, NULL, NULL, NULL, NULL, NULL, NULL, NULL, NULL, NULL, 133.0, 'PCUU', 'PCUU', NULL, NULL, NULL, NULL, 'Y', NULL, NULL, NULL, NULL, NULL, NULL, 'MGS', NULL, NULL, NULL, NULL, 'DS1', 'MGS', 'CWI', 707724.0, 5295408.0, NULL, NULL, NULL, NULL, NULL, '337643', NULL, NULL, 0.0, 0.0),
(413668, 'loc', '0000413668', 2, '413668', 'R. C.', NULL, NULL, 'W', NULL, 'DDABDD', '119A', 910.0, 'T', 'A', 'DO', '5', 'MGS', '62119', 215.0, 215.0, NULL, 4.0, 190.0, 'N', NULL, 'W', 'SDF', NULL, NULL, 'MGS', 'JM', 'Q', 120.0, 'CJDN', 'CJSL', 'CJSL', 'CJSL', 'CJSL', NULL, NULL, NULL, NULL, NULL, NULL, 'Y', NULL, 'MGS', NULL, NULL, NULL, 'WW', 'DS2', 'MGS', 'CWI', 491908.0, 5005086.0, NULL, NULL, NULL, NULL, NULL, '413668', NULL, NULL, 15.0, 895.0),
(461415, 'loc', '0000461415', 19, '461415', 'MW-3', NULL, NULL, 'W', NULL, 'BDADDB', '103B', 812.0, 'L1', 'S', 'MW', 'T', 'CE/H', 'M0054', 24.0, 23.0, NULL, 2.0, 12.5, 'Y', NULL, 'SW', 'TAN', NULL, NULL, 'MGS', 'JRS', 'Q', 7.0, 'OPVL', 'OPVL', 'OPVL', 'OPVL', 'OPVL', NULL, NULL, NULL, NULL, NULL, NULL, NULL, NULL, 'MGS', NULL, NULL, NULL, 'MW', 'DS2', 'MGS', 'CWI', 489183.0, 4971852.0, NULL, NULL, NULL, NULL, NULL, '461415', NULL, NULL, 0.0, 0.0),
(469382, 'unloc', '0000469382', 19, '469382', 'MW-2', NULL, NULL, 'W', NULL, 'BD', '103B', 0.0, NULL, 'S', 'MW', NULL, NULL, '49588', 25.0, 25.0, NULL, 2.0, 14.0, 'Y', NULL, NULL, NULL, NULL, NULL, NULL, NULL, NULL, 0.0, NULL, NULL, NULL, NULL, NULL, NULL, NULL, NULL, NULL, NULL, NULL, NULL, NULL, 'MGS', 'N', NULL, NULL, NULL, 'PQ2', NULL, NULL, 489028.0, 4971823.0, NULL, NULL, NULL, NULL, NULL, '469382', NULL, NULL, 0.0, 0.0),
(509077, 'loc', '0000509077', 19, '509077', 'M. C.C. NO.2', NULL, NULL, 'W', NULL, 'DBDABC', '103B', 912.0, 'L1', 'A', 'IR', '5', 'MGS', '62012', 436.0, 436.0, NULL, 12.0, 299.0, 'Y', NULL, NULL, NULL, NULL, NULL, 'MGS', 'JRS', 'Q', 91.0, 'OPVL', 'CJDN', 'OPDC', 'CJDN', 'OPCJ', 'Y', NULL, NULL, NULL, NULL, NULL, 'Y', NULL, 'MGS', 'N', NULL, NULL, 'WW', 'DS1', 'MGS', 'CWI', 489528.0, 4969794.0, NULL, NULL, NULL, NULL, NULL, '509077', NULL, NULL, 160.0, 752.0),
(623759, 'unloc', '0000623759', 2, '623759', 'RENOWN CONSTRUCTION', NULL, NULL, 'W', NULL, NULL, '135C', 0.0, NULL, 'A', 'DO', NULL, NULL, '27695', 92.0, 92.0, NULL, 4.0, 84.0, 'Y', NULL, 'N', 'SDF', NULL, NULL, NULL, NULL, NULL, 0.0, NULL, NULL, NULL, NULL, NULL, NULL, NULL, NULL, NULL, NULL, NULL, 'Y', NULL, 'MGS', 'N', NULL, NULL, NULL, 'PS', NULL, NULL, 488043.0, 5012054.0, NULL, NULL, NULL, NULL, NULL, '623759', NULL, NULL, 0.0, 0.0),
(625657, 'loc', '0000625657', 9, '625657', 'K. N.', NULL, NULL, 'W', NULL, 'AACDAB', '224A', 1215.0, 'T', 'A', 'DO', 'T', 'MGS', '09437', 240.0, 240.0, NULL, 6.0, 139.0, NULL, NULL, 'W', 'SDF', NULL, NULL, 'MGS', 'TB', 'Q', 139.0, 'PEVT', 'PEVT', 'PEVT', 'PEVT', 'PEVT', NULL, NULL, NULL, NULL, NULL, NULL, 'Y', NULL, 'MDH', 'N', NULL, NULL, 'WW', 'DS1', 'MGS', 'CWI', 549947.0, 5170857.0, NULL, NULL, NULL, NULL, NULL, '625657', NULL, NULL, 60.0, 1155.0),
(632759, 'loc', '0000632759', 2, '632759', NULL, NULL, NULL, 'W', NULL, 'BDCAAC', '135C', 908.0, 'T', 'A', 'DO', '1', 'CSW', '27695', 92.0, 92.0, NULL, 4.0, 84.0, 'Y', NULL, 'N', 'SDF', NULL, NULL, 'MGS', 'EB', 'Q', 0.0, NULL, 'QFUU', 'QFUU', 'QFUU', 'QBAA', NULL, NULL, NULL, NULL, NULL, NULL, 'Y', NULL, 'MDH', 'N', NULL, NULL, 'WW', 'G6O', 'MGS', 'CWI', 487810.0, 5012215.0, NULL, NULL, NULL, NULL, NULL, '632759', NULL, NULL, 15.0, 893.0),
(681508, 'loc', '0000681508', 9, '681508', 'K. N.', NULL, NULL, 'W', NULL, 'AADCAD', '224A', 1192.0, 'T', 'A', 'DO', 'T', 'MGS', '09437', 240.0, 240.0, NULL, 6.0, 121.0, 'U', NULL, 'E', 'SDF', NULL, NULL, 'MGS', 'TB', 'Q', 121.0, 'PEVT', 'PEVT', 'PEVT', 'PEVT', 'PEVT', NULL, NULL, NULL, NULL, NULL, NULL, 'Y', NULL, 'MDH', 'N', NULL, NULL, 'WW', 'DS1', 'MGS', 'CWI', 550062.0, 5170833.0, NULL, NULL, NULL, NULL, NULL, '681508', NULL, NULL, 0.0, 0.0),
(861015, 'loc', '0000861015', 21, '861015', NULL, NULL, NULL, 'W', NULL, 'BABBBC', '180D', 1417.3, 'L1', NULL, NULL, '1', 'MGS', NULL, 0.0, 0.0, NULL, 0.0, 0.0, NULL, NULL, NULL, NULL, NULL, NULL, NULL, NULL, NULL, 0.0, NULL, NULL, NULL, NULL, NULL, NULL, NULL, NULL, NULL, NULL, NULL, NULL, NULL, 'MGS', NULL, NULL, NULL, NULL, 'DS1', 'MGS', 'CWI', 316394.0, 5071536.0, NULL, NULL, NULL, NULL, NULL, '861015', NULL, NULL, 0.0, 0.0),
(1000026260, 'loc', '1000026260', 2, '1000026260', NULL, NULL, NULL, 'W', NULL, 'ACBCDC', '119C', 889.0, 'L1', 'A', 'DO', '5', 'MDH', NULL, 0.0, 0.0, NULL, 3.0, 0.0, NULL, NULL, NULL, NULL, NULL, NULL, NULL, NULL, NULL, 0.0, NULL, NULL, NULL, NULL, NULL, NULL, NULL, NULL, NULL, NULL, NULL, NULL, NULL, 'MGS', NULL, NULL, NULL, NULL, 'DS1', 'MGS', 'CWI', 481362.0, 4992745.0, NULL, NULL, NULL, NULL, NULL, '1000026260', NULL, NULL, 0.0, 0.0);

COMMIT TRANSACTION;
PRAGMA foreign_keys = on;
